slug,title,category,prompt_hash,prompt_version,source,description,prompt
ac-running-but-not-cooling,AC Running but Not Cooling? 13 Causes and Safe Fixes,Heating & Cooling,67db9681acbf97dadd0ab0c447e5fba2454546dece4a6afad21873a747471000,featured-v1,lib/generatedPosts/heatingCoolingPillarAcNotCoolingPosts_2025_12_26.tsx,"If your air conditioner is running but the house is still warm, this guide walks you through the most common causes, safe checks, and when to call for service.","Photorealistic scene in a real environment that represents the article topic:
AC Running but Not Cooling? 13 Causes and Safe Fixes — If your air conditioner is running but the house is still warm, this guide walks you through the most common causes, safe checks, and when to call for service.

Composition and realism rules:
- Natural lighting, realistic perspective, and credible materials.
- No text or typography in the scene.
- No screens, UI, logos, or branding.
- No ad-like or misleading button visuals.
- Avoid centered symmetry; use organic framing.
- Avoid repeated compositions across articles.

Camera:
- 35mm lens equivalent, shallow-to-moderate depth of field.
- Horizontal framing.
"
ac-short-cycling-causes-fixes,AC Short Cycling: Why It Turns On and Off Too Fast,Heating & Cooling,621c37ec053e323a4533e5b18f0e07e4075e14515da7a1fe99d85385de4c5ce8,featured-v1,lib/generatedPosts/heatingCoolingPillarFurnaceHeatPumpShortCyclingPosts_2025_12_27.tsx,"Short cycling makes an AC run in quick bursts, wasting energy and lowering comfort. Learn the common causes and what it means.","Photorealistic scene in a real environment that represents the article topic:
AC Short Cycling: Why It Turns On and Off Too Fast — Short cycling makes an AC run in quick bursts, wasting energy and lowering comfort. Learn the common causes and what it means.

Composition and realism rules:
- Natural lighting, realistic perspective, and credible materials.
- No text or typography in the scene.
- No screens, UI, logos, or branding.
- No ad-like or misleading button visuals.
- Avoid centered symmetry; use organic framing.
- Avoid repeated compositions across articles.

Camera:
- 35mm lens equivalent, shallow-to-moderate depth of field.
- Horizontal framing.
"
afue-vs-seer-vs-hspf-vs-cop,AFUE vs SEER vs HSPF vs COP: HVAC Efficiency Ratings in Plain English,Heating & Cooling,4dcbd8d49884dfea229c0567f682e6e20cfe7566fb58f404b33017a2093293b9,featured-v1,lib/generatedPosts/heatingCoolingPillarPosts_2025_12_25.tsx,"HVAC ratings can feel like jargon. This guide explains AFUE, SEER, HSPF, and COP, what each measures, and how to compare systems without mixing apples and oranges.","Photorealistic scene in a real environment that represents the article topic:
AFUE vs SEER vs HSPF vs COP: HVAC Efficiency Ratings in Plain English — HVAC ratings can feel like jargon. This guide explains AFUE, SEER, HSPF, and COP, what each measures, and how to compare systems without mixing apples and oranges.

Composition and realism rules:
- Natural lighting, realistic perspective, and credible materials.
- No text or typography in the scene.
- No screens, UI, logos, or branding.
- No ad-like or misleading button visuals.
- Avoid centered symmetry; use organic framing.
- Avoid repeated compositions across articles.

Camera:
- 35mm lens equivalent, shallow-to-moderate depth of field.
- Horizontal framing.
"
aux-heat-vs-emergency-heat-meaning,Aux Heat vs Emergency Heat: What They Mean on Your Thermostat (Plain English),Heating & Cooling,428c3094167e66a2daa9cb57984492ff0a7fcc9eb6a596c2b4c41c2598af8d46,featured-v1,lib/generatedPosts/heatingCoolingPillarPosts_2025_12_25.tsx,"If your thermostat says Aux Heat or Emergency Heat, this guide explains what's happening, why costs can spike, and when you should (and shouldn't) use each mode.","Photorealistic scene in a real environment that represents the article topic:
Aux Heat vs Emergency Heat: What They Mean on Your Thermostat (Plain English) — If your thermostat says Aux Heat or Emergency Heat, this guide explains what's happening, why costs can spike, and when you should (and shouldn't) use each mode.

Composition and realism rules:
- Natural lighting, realistic perspective, and credible materials.
- No text or typography in the scene.
- No screens, UI, logos, or branding.
- No ad-like or misleading button visuals.
- Avoid centered symmetry; use organic framing.
- Avoid repeated compositions across articles.

Camera:
- 35mm lens equivalent, shallow-to-moderate depth of field.
- Horizontal framing.
"
average-water-usage-per-person,Average Water Usage Per Person: A Practical Range,Water,422dfea3e1a6d521ae2dc8c5c7fc131c169e46607f00517cf4bc7f07febcfda1,featured-v1,lib/posts.tsx,See typical water usage ranges and what affects your household total.,"Photorealistic scene in a real environment that represents the article topic:
Average Water Usage Per Person: A Practical Range — See typical water usage ranges and what affects your household total.

Composition and realism rules:
- Natural lighting, realistic perspective, and credible materials.
- No text or typography in the scene.
- No screens, UI, logos, or branding.
- No ad-like or misleading button visuals.
- Avoid centered symmetry; use organic framing.
- Avoid repeated compositions across articles.

Camera:
- 35mm lens equivalent, shallow-to-moderate depth of field.
- Horizontal framing.
"
budget-billing-level-pay-explained,Budget Billing Explained: How \,Budgeting,59c99f0f111b3706ee1fd692f4dde42a471e3ea47a7aa63068c5bdba46382d75,featured-v1,lib/generatedPosts/utilityBillsPillarPosts_2025_12_25.tsx,"Budget billing (level pay / average billing) can smooth seasonal utility costs. Learn how it's calculated, what a true-up is, and what to watch so you're not surprised later.","Photorealistic scene in a real environment that represents the article topic:
Budget Billing Explained: How \ — Budget billing (level pay / average billing) can smooth seasonal utility costs. Learn how it's calculated, what a true-up is, and what to watch so you're not surprised later.

Composition and realism rules:
- Natural lighting, realistic perspective, and credible materials.
- No text or typography in the scene.
- No screens, UI, logos, or branding.
- No ad-like or misleading button visuals.
- Avoid centered symmetry; use organic framing.
- Avoid repeated compositions across articles.

Camera:
- 35mm lens equivalent, shallow-to-moderate depth of field.
- Horizontal framing.
"
delivery-charge-vs-supply-charge-utility-bill,Delivery Charge vs Supply Charge on Utility Bills (What Each One Covers),Budgeting,4fc5ce87c58737df541d0e3bd19a1d6af96b3482862bcd308fd21ad5f27999a1,featured-v1,lib/generatedPosts/utilityBillsPillarBillingCycleChargesTaxesPosts_2025_12_27.tsx,Why are there two big charges on your utility bill? This guide explains delivery vs supply in plain English and how to compare changes.,"Photorealistic scene in a real environment that represents the article topic:
Delivery Charge vs Supply Charge on Utility Bills (What Each One Covers) — Why are there two big charges on your utility bill? This guide explains delivery vs supply in plain English and how to compare changes.

Composition and realism rules:
- Natural lighting, realistic perspective, and credible materials.
- No text or typography in the scene.
- No screens, UI, logos, or branding.
- No ad-like or misleading button visuals.
- Avoid centered symmetry; use organic framing.
- Avoid repeated compositions across articles.

Camera:
- 35mm lens equivalent, shallow-to-moderate depth of field.
- Horizontal framing.
"
demand-charge-electric-bill-explained,Demand Charges on Electric Bills Explained (Why Your Peak Usage Matters),Electricity,b6b9b88a9d8b7337aa79288ea5496ede1802a1f15e58f21bb39fb81610d4d664,featured-v1,lib/generatedPosts/electricityPillarTieredDemandSupplyPosts_2025_12_26.tsx,"A demand charge is based on your highest short-term usage, not your monthly total. Learn how it is measured and where it appears on your bill.","Photorealistic scene in a real environment that represents the article topic:
Demand Charges on Electric Bills Explained (Why Your Peak Usage Matters) — A demand charge is based on your highest short-term usage, not your monthly total. Learn how it is measured and where it appears on your bill.

Composition and realism rules:
- Natural lighting, realistic perspective, and credible materials.
- No text or typography in the scene.
- No screens, UI, logos, or branding.
- No ad-like or misleading button visuals.
- Avoid centered symmetry; use organic framing.
- Avoid repeated compositions across articles.

Camera:
- 35mm lens equivalent, shallow-to-moderate depth of field.
- Horizontal framing.
"
drought-surcharge-on-water-bill-explained,"Drought Surcharge on a Water Bill Explained: What It Is, When It Appears, and How It Is Calculated",Water,8da3976b9cf1094d7516673249bd8ca3914365bbdc8900627547d0812d6e903d,featured-v1,lib/generatedPosts/waterPillarRatesFeesPosts_2025_12_28.tsx,Drought surcharges show up during water shortages to fund supply and conservation programs. Learn how they are calculated and how to reduce the impact.,"Photorealistic scene in a real environment that represents the article topic:
Drought Surcharge on a Water Bill Explained: What It Is, When It Appears, and How It Is Calculated — Drought surcharges show up during water shortages to fund supply and conservation programs. Learn how they are calculated and how to reduce the impact.

Composition and realism rules:
- Natural lighting, realistic perspective, and credible materials.
- No text or typography in the scene.
- No screens, UI, logos, or branding.
- No ad-like or misleading button visuals.
- Avoid centered symmetry; use organic framing.
- Avoid repeated compositions across articles.

Camera:
- 35mm lens equivalent, shallow-to-moderate depth of field.
- Horizontal framing.
"
duct-leaks-symptoms-hvac-running-all-day,Duct Leaks Explained: Why Some Rooms Never Feel Right (and Bills Climb),Heating & Cooling,d5dbf55ca4af84908f484a5267d186f961b607bb4234c04ca05788537325e7ef,featured-v1,lib/generatedPosts/heatingCoolingPillarPosts_2025_12_25.tsx,"Uneven temperatures, weak airflow, and long HVAC runtime often trace back to duct problems. Learn the signs of duct leaks, simple checks, and why leaks raise heating and cooling costs.","Photorealistic scene in a real environment that represents the article topic:
Duct Leaks Explained: Why Some Rooms Never Feel Right (and Bills Climb) — Uneven temperatures, weak airflow, and long HVAC runtime often trace back to duct problems. Learn the signs of duct leaks, simple checks, and why leaks raise heating and cooling costs.

Composition and realism rules:
- Natural lighting, realistic perspective, and credible materials.
- No text or typography in the scene.
- No screens, UI, logos, or branding.
- No ad-like or misleading button visuals.
- Avoid centered symmetry; use organic framing.
- Avoid repeated compositions across articles.

Camera:
- 35mm lens equivalent, shallow-to-moderate depth of field.
- Horizontal framing.
"
ductless-mini-split-vs-central-air,"Ductless Mini-Split vs Central Air: Cost, Efficiency, and Which One Fits Your Home",Heating & Cooling,113db39aa1dd6ddc09c0adab3aa488ce21e97215c65677a87bfa6f71a194813c,featured-v1,lib/generatedPosts/heatingCoolingPillarPosts_2025_12_25.tsx,"Trying to choose between ductless mini-splits and central air? This guide compares upfront cost, efficiency, comfort, and real-world use cases in plain English.","Photorealistic scene in a real environment that represents the article topic:
Ductless Mini-Split vs Central Air: Cost, Efficiency, and Which One Fits Your Home — Trying to choose between ductless mini-splits and central air? This guide compares upfront cost, efficiency, comfort, and real-world use cases in plain English.

Composition and realism rules:
- Natural lighting, realistic perspective, and credible materials.
- No text or typography in the scene.
- No screens, UI, logos, or branding.
- No ad-like or misleading button visuals.
- Avoid centered symmetry; use organic framing.
- Avoid repeated compositions across articles.

Camera:
- 35mm lens equivalent, shallow-to-moderate depth of field.
- Horizontal framing.
"
electric-bill-breakdown-understanding-line-items,Electric Bill Breakdown: Every Charge Explained,Electricity,7f5e598cef72133f1aee65ed9b3afc2013bb128e80f99d0571da22d54b8e0b7e,featured-v1,lib/posts.tsx,Confused by your bill? We decode every line item--from supply and delivery to hidden fees--so you know exactly what you're paying for.,"Photorealistic scene in a real environment that represents the article topic:
Electric Bill Breakdown: Every Charge Explained — Confused by your bill? We decode every line item--from supply and delivery to hidden fees--so you know exactly what you're paying for.

Composition and realism rules:
- Natural lighting, realistic perspective, and credible materials.
- No text or typography in the scene.
- No screens, UI, logos, or branding.
- No ad-like or misleading button visuals.
- Avoid centered symmetry; use organic framing.
- Avoid repeated compositions across articles.

Camera:
- 35mm lens equivalent, shallow-to-moderate depth of field.
- Horizontal framing.
"
estimated-utility-bill-explained,Estimated Utility Bill Explained: What \,Budgeting,9e82bc3fd694c674551124faa958ffed7fb829b626b6a8592590cafc06e2a8d3,featured-v1,lib/generatedPosts/utilityBillsPillarPosts_2025_12_25.tsx,"If your bill says the meter read was estimated, this guide explains why it happens, how the correction works, and how to sanity-check the total without panic.","Photorealistic scene in a real environment that represents the article topic:
Estimated Utility Bill Explained: What \ — If your bill says the meter read was estimated, this guide explains why it happens, how the correction works, and how to sanity-check the total without panic.

Composition and realism rules:
- Natural lighting, realistic perspective, and credible materials.
- No text or typography in the scene.
- No screens, UI, logos, or branding.
- No ad-like or misleading button visuals.
- Avoid centered symmetry; use organic framing.
- Avoid repeated compositions across articles.

Camera:
- 35mm lens equivalent, shallow-to-moderate depth of field.
- Horizontal framing.
"
fixed-vs-variable-rate-electricity-plan,Fixed vs. Variable Rate Electricity Plans: Which Saves More?,Electricity,7377e699d278c0f30c9f8e585e7d299afb3213aa324a86daac33fad186016d80,featured-v1,lib/posts.tsx,Confused by electricity plans? We compare Fixed vs. Variable rates to help you avoid price spikes and choose the cheapest option for your home.,"Photorealistic scene in a real environment that represents the article topic:
Fixed vs. Variable Rate Electricity Plans: Which Saves More? — Confused by electricity plans? We compare Fixed vs. Variable rates to help you avoid price spikes and choose the cheapest option for your home.

Composition and realism rules:
- Natural lighting, realistic perspective, and credible materials.
- No text or typography in the scene.
- No screens, UI, logos, or branding.
- No ad-like or misleading button visuals.
- Avoid centered symmetry; use organic framing.
- Avoid repeated compositions across articles.

Camera:
- 35mm lens equivalent, shallow-to-moderate depth of field.
- Horizontal framing.
"
fuel-adjustment-charge-on-utility-bill-explained,What Is a Fuel Adjustment Charge on a Utility Bill? (PGA/FCA Explained),Budgeting,c40c0c7984c4a9d6efd969f4e0d9e399c1598be089cd4e546f2071aa9a41e8d8,featured-v1,lib/generatedPosts/utilityBillsLineItemsFeesPosts_2025_12_26.tsx,"Fuel adjustment charges can change every month and make your bill feel unpredictable. Learn what they are, why they move, and how to sanity-check them.","Photorealistic scene in a real environment that represents the article topic:
What Is a Fuel Adjustment Charge on a Utility Bill? (PGA/FCA Explained) — Fuel adjustment charges can change every month and make your bill feel unpredictable. Learn what they are, why they move, and how to sanity-check them.

Composition and realism rules:
- Natural lighting, realistic perspective, and credible materials.
- No text or typography in the scene.
- No screens, UI, logos, or branding.
- No ad-like or misleading button visuals.
- Avoid centered symmetry; use organic framing.
- Avoid repeated compositions across articles.

Camera:
- 35mm lens equivalent, shallow-to-moderate depth of field.
- Horizontal framing.
"
gas-customer-charge-explained,Gas Customer Charge Explained (Why You Pay Even With Low Usage),Gas,94736638eb3cbdba1a51bfac2acb8ee94b6709d940521e46eae492cd0a5ee25f,featured-v1,lib/generatedPosts/gasPillarMeterSummerCustomerPosts_2025_12_26.tsx,That monthly customer or basic service charge is normal. Learn what it covers and how it affects your total bill.,"Photorealistic scene in a real environment that represents the article topic:
Gas Customer Charge Explained (Why You Pay Even With Low Usage) — That monthly customer or basic service charge is normal. Learn what it covers and how it affects your total bill.

Composition and realism rules:
- Natural lighting, realistic perspective, and credible materials.
- No text or typography in the scene.
- No screens, UI, logos, or branding.
- No ad-like or misleading button visuals.
- Avoid centered symmetry; use organic framing.
- Avoid repeated compositions across articles.

Camera:
- 35mm lens equivalent, shallow-to-moderate depth of field.
- Horizontal framing.
"
gas-delivery-charge-vs-supply-charge,Gas Delivery Charge vs Supply Charge: What You're Actually Paying For,Gas,14e7f6d4b6053705f35fd91d6ed4cb1d9a5fc5beef75a95b24a77f2a26a9dedb,featured-v1,lib/generatedPosts/gasPillarPosts_2025_12_25.tsx,"Gas bills usually include supply (the gas) and delivery (the pipes and service). Here's what each covers, why they change, and what to check on your statement.","Photorealistic scene in a real environment that represents the article topic:
Gas Delivery Charge vs Supply Charge: What You're Actually Paying For — Gas bills usually include supply (the gas) and delivery (the pipes and service). Here's what each covers, why they change, and what to check on your statement.

Composition and realism rules:
- Natural lighting, realistic perspective, and credible materials.
- No text or typography in the scene.
- No screens, UI, logos, or branding.
- No ad-like or misleading button visuals.
- Avoid centered symmetry; use organic framing.
- Avoid repeated compositions across articles.

Camera:
- 35mm lens equivalent, shallow-to-moderate depth of field.
- Horizontal framing.
"
gas-vs-electric-heating-cost-comparison,Gas vs. Electric Heating: Cost Comparison for Real Homes,Comparisons,1bd0c2776ab9a1d369d9f391db421a3022638a17c4eca82d9a3fb1f3e199942b,featured-v1,lib/posts.tsx,"Compare gas and electric heating costs, efficiency, and what matters on your bill.","Photorealistic scene in a real environment that represents the article topic:
Gas vs. Electric Heating: Cost Comparison for Real Homes — Compare gas and electric heating costs, efficiency, and what matters on your bill.

Composition and realism rules:
- Natural lighting, realistic perspective, and credible materials.
- No text or typography in the scene.
- No screens, UI, logos, or branding.
- No ad-like or misleading button visuals.
- Avoid centered symmetry; use organic framing.
- Avoid repeated compositions across articles.

Camera:
- 35mm lens equivalent, shallow-to-moderate depth of field.
- Horizontal framing.
"
heat-pump-running-all-day-in-winter,Heat Pump Running All Day in Winter? What Is Normal vs a Problem,Heating & Cooling,e6f98d2e3ddce9614f27dc3c70e961640117955dce82d69e1db4dc8698258220,featured-v1,lib/generatedPosts/heatingCoolingPillarFurnaceHeatPumpShortCyclingPosts_2025_12_27.tsx,"Heat pumps run longer in cold weather, but nonstop runtime can feel worrying. Learn what is normal and what to check.","Photorealistic scene in a real environment that represents the article topic:
Heat Pump Running All Day in Winter? What Is Normal vs a Problem — Heat pumps run longer in cold weather, but nonstop runtime can feel worrying. Learn what is normal and what to check.

Composition and realism rules:
- Natural lighting, realistic perspective, and credible materials.
- No text or typography in the scene.
- No screens, UI, logos, or branding.
- No ad-like or misleading button visuals.
- Avoid centered symmetry; use organic framing.
- Avoid repeated compositions across articles.

Camera:
- 35mm lens equivalent, shallow-to-moderate depth of field.
- Horizontal framing.
"
how-do-smart-meters-work,How Do Smart Meters Work? (And Should You Trust Them?),Electricity,05727d1b661ed6fee4c919b2e4c2d6ab7c3dd408c9e5591ceba14cbe2838bfff,featured-v1,lib/generatedPosts/electricityPillarPosts_2025_12_25.tsx,"Smart meters are replacing analog dials everywhere. Learn how they measure usage, if they are accurate, and the truth about privacy concerns.","Photorealistic scene in a real environment that represents the article topic:
How Do Smart Meters Work? (And Should You Trust Them?) — Smart meters are replacing analog dials everywhere. Learn how they measure usage, if they are accurate, and the truth about privacy concerns.

Composition and realism rules:
- Natural lighting, realistic perspective, and credible materials.
- No text or typography in the scene.
- No screens, UI, logos, or branding.
- No ad-like or misleading button visuals.
- Avoid centered symmetry; use organic framing.
- Avoid repeated compositions across articles.

Camera:
- 35mm lens equivalent, shallow-to-moderate depth of field.
- Horizontal framing.
"
how-sewer-charges-work-on-your-water-bill,How Sewer Charges Work on Your Water Bill (and Why They Can Be Higher Than Water),Water,e3b3a20cf5b2313fad0aa04a7d66487c9570d39f03d21bc2d42204170effd445,featured-v1,lib/generatedPosts/waterPillarPosts_2025_12_25.tsx,Sewer charges confuse a lot of people--especially when they cost more than water. Here's how they're usually calculated and what to check.,"Photorealistic scene in a real environment that represents the article topic:
How Sewer Charges Work on Your Water Bill (and Why They Can Be Higher Than Water) — Sewer charges confuse a lot of people--especially when they cost more than water. Here's how they're usually calculated and what to check.

Composition and realism rules:
- Natural lighting, realistic perspective, and credible materials.
- No text or typography in the scene.
- No screens, UI, logos, or branding.
- No ad-like or misleading button visuals.
- Avoid centered symmetry; use organic framing.
- Avoid repeated compositions across articles.

Camera:
- 35mm lens equivalent, shallow-to-moderate depth of field.
- Horizontal framing.
"
how-to-budget-for-utilities-in-your-first-apartment,How to Budget for Utilities in Your First Apartment,Budgeting,dfd0e6912916e423f6fdfff8a72491052d32d6032a24ea0e2e0a699f22aef78c,featured-v1,lib/posts.tsx,"A simple budgeting guide for electricity, gas, water, and internet in your first place.","Photorealistic scene in a real environment that represents the article topic:
How to Budget for Utilities in Your First Apartment — A simple budgeting guide for electricity, gas, water, and internet in your first place.

Composition and realism rules:
- Natural lighting, realistic perspective, and credible materials.
- No text or typography in the scene.
- No screens, UI, logos, or branding.
- No ad-like or misleading button visuals.
- Avoid centered symmetry; use organic framing.
- Avoid repeated compositions across articles.

Camera:
- 35mm lens equivalent, shallow-to-moderate depth of field.
- Horizontal framing.
"
how-to-lower-electric-bill-without-solar,How to Lower Your Electric Bill Without Solar Panels (12 Proven Methods),Electricity,f33367a5b46dfce441f91e9458d0788f7fe0cc89f682f06ae51361c11dc2c404,featured-v1,lib/generatedPosts/electricityPillarPosts_2025_12_25.tsx,"You do not need solar to save money. Discover 12 proven, low-cost ways to reduce your electricity bill starting today.","Photorealistic scene in a real environment that represents the article topic:
How to Lower Your Electric Bill Without Solar Panels (12 Proven Methods) — You do not need solar to save money. Discover 12 proven, low-cost ways to reduce your electricity bill starting today.

Composition and realism rules:
- Natural lighting, realistic perspective, and credible materials.
- No text or typography in the scene.
- No screens, UI, logos, or branding.
- No ad-like or misleading button visuals.
- Avoid centered symmetry; use organic framing.
- Avoid repeated compositions across articles.

Camera:
- 35mm lens equivalent, shallow-to-moderate depth of field.
- Horizontal framing.
"
how-to-read-a-water-meter,How to Read a Water Meter (and Know If Its Accurate),Water,b8f980cc85057786be4e9feaa17851e9427a750e01d980cdf494ed47f13b1c09,featured-v1,lib/posts.tsx,A step-by-step guide to reading your home water meter and checking for leaks.,"Photorealistic scene in a real environment that represents the article topic:
How to Read a Water Meter (and Know If Its Accurate) — A step-by-step guide to reading your home water meter and checking for leaks.

Composition and realism rules:
- Natural lighting, realistic perspective, and credible materials.
- No text or typography in the scene.
- No screens, UI, logos, or branding.
- No ad-like or misleading button visuals.
- Avoid centered symmetry; use organic framing.
- Avoid repeated compositions across articles.

Camera:
- 35mm lens equivalent, shallow-to-moderate depth of field.
- Horizontal framing.
"
how-to-read-electric-meter,How to Read an Electric Meter (Dial & Digital Guide),Electricity,70e2576d0a4b039606b806805634fff1bdb00a64bb9929fdad919d9ed89970f9,featured-v1,lib/posts.tsx,Confused by the dials? Learn how to read any electric meter (analog or digital) to verify your bill and spot errors instantly.,"Photorealistic scene in a real environment that represents the article topic:
How to Read an Electric Meter (Dial & Digital Guide) — Confused by the dials? Learn how to read any electric meter (analog or digital) to verify your bill and spot errors instantly.

Composition and realism rules:
- Natural lighting, realistic perspective, and credible materials.
- No text or typography in the scene.
- No screens, UI, logos, or branding.
- No ad-like or misleading button visuals.
- Avoid centered symmetry; use organic framing.
- Avoid repeated compositions across articles.

Camera:
- 35mm lens equivalent, shallow-to-moderate depth of field.
- Horizontal framing.
"
how-to-read-gas-meter,"How to Read a Gas Meter (Dial and Digital, Step by Step)",Gas,3c20b4db3a7e61e75e59b204030b35c8f4a0b398bf9fbe66cb2d46c7697c1ba0,featured-v1,lib/generatedPosts/gasPillarMeterSummerCustomerPosts_2025_12_26.tsx,"Reading a gas meter is easier than it looks. Learn how to read dial and digital meters, calculate usage, and match it to your bill.","Photorealistic scene in a real environment that represents the article topic:
How to Read a Gas Meter (Dial and Digital, Step by Step) — Reading a gas meter is easier than it looks. Learn how to read dial and digital meters, calculate usage, and match it to your bill.

Composition and realism rules:
- Natural lighting, realistic perspective, and credible materials.
- No text or typography in the scene.
- No screens, UI, logos, or branding.
- No ad-like or misleading button visuals.
- Avoid centered symmetry; use organic framing.
- Avoid repeated compositions across articles.

Camera:
- 35mm lens equivalent, shallow-to-moderate depth of field.
- Horizontal framing.
"
how-to-read-your-gas-bill-therms-explained,How to Read Your Gas Bill: Therms Explained,Gas,3e432cdd8b72b8fc729d9b255a41171734c05ee70a5395738a0e6a8cae477218,featured-v1,lib/posts.tsx,"Decode therms, delivery charges, and seasonal usage on your natural gas bill.","Photorealistic scene in a real environment that represents the article topic:
How to Read Your Gas Bill: Therms Explained — Decode therms, delivery charges, and seasonal usage on your natural gas bill.

Composition and realism rules:
- Natural lighting, realistic perspective, and credible materials.
- No text or typography in the scene.
- No screens, UI, logos, or branding.
- No ad-like or misleading button visuals.
- Avoid centered symmetry; use organic framing.
- Avoid repeated compositions across articles.

Camera:
- 35mm lens equivalent, shallow-to-moderate depth of field.
- Horizontal framing.
"
how-utility-rates-fees-usage-work-together,"How Utility Rates, Fees, and Usage Work Together on Your Bill",Budgeting,def5e253aaf90fe5bcc15b792fa14a12275f78fc2530e5839cb5d0502169617f,featured-v1,lib/generatedPosts/utilityBillsPillarRatesFeesUsageBridgePosts_2026_01_15.tsx,"A plain-English model of how usage, price per unit, and fixed charges interact so your total makes sense.","Photorealistic scene in a real environment that represents the article topic:
How Utility Rates, Fees, and Usage Work Together on Your Bill - A plain-English model of how usage, price per unit, and fixed charges interact so your total makes sense.

Composition and realism rules:
- Natural lighting, realistic perspective, and credible materials.
- No text or typography in the scene.
- No screens, UI, logos, or branding.
- No ad-like or misleading button visuals.
- Avoid centered symmetry; use organic framing.
- Avoid repeated compositions across articles.

Camera:
- 35mm lens equivalent, shallow-to-moderate depth of field.
- Horizontal framing.
"
is-your-toilet-running-leak-test,Is Your Toilet Running? A Simple Leak Test (and How It Shows Up on Your Water Bill),Water,f4b09a8c9cb76a987f7635832de3f80b45d171e319c99bf16134f40a5c043182,featured-v1,lib/generatedPosts/waterPillarPosts_2025_12_25.tsx,Running toilets are one of the most common hidden causes of high water bills. Here's how to test for a leak and what it usually means.,"Photorealistic scene in a real environment that represents the article topic:
Is Your Toilet Running? A Simple Leak Test (and How It Shows Up on Your Water Bill) — Running toilets are one of the most common hidden causes of high water bills. Here's how to test for a leak and what it usually means.

Composition and realism rules:
- Natural lighting, realistic perspective, and credible materials.
- No text or typography in the scene.
- No screens, UI, logos, or branding.
- No ad-like or misleading button visuals.
- Avoid centered symmetry; use organic framing.
- Avoid repeated compositions across articles.

Camera:
- 35mm lens equivalent, shallow-to-moderate depth of field.
- Horizontal framing.
"
mcf-vs-ccf-vs-therms-on-gas-bill,MCF vs CCF vs Therms: What Those Units Mean on a Gas Bill,Gas,76ed14f7100a755de79788e596fd02fc102c7f68c72bd15e3eeeb50ff0b59c59,featured-v1,lib/generatedPosts/gasPillarPosts_2025_12_25.tsx,"Gas bills can show CCF, MCF, BTUs, and therms. Here's what each unit means, why conversion factors exist, and how to sanity-check the math.","Photorealistic scene in a real environment that represents the article topic:
MCF vs CCF vs Therms: What Those Units Mean on a Gas Bill — Gas bills can show CCF, MCF, BTUs, and therms. Here's what each unit means, why conversion factors exist, and how to sanity-check the math.

Composition and realism rules:
- Natural lighting, realistic perspective, and credible materials.
- No text or typography in the scene.
- No screens, UI, logos, or branding.
- No ad-like or misleading button visuals.
- Avoid centered symmetry; use organic framing.
- Avoid repeated compositions across articles.

Camera:
- 35mm lens equivalent, shallow-to-moderate depth of field.
- Horizontal framing.
"
minimum-bill-utility-bill-explained,Minimum Bill or Minimum Charge on a Utility Bill Explained (Why the Total Is Not Zero),Budgeting,754c40a441137ab607732e6d933ff600fd169e032845f0f815152349bdc2f0ed,featured-v1,lib/generatedPosts/utilityBillsProrationPastDueMinimumPosts_2025_12_26.tsx,"Used very little but still got a bill? This guide explains minimum charges, how they differ from customer charges, and how to find them on your statement.","Photorealistic scene in a real environment that represents the article topic:
Minimum Bill or Minimum Charge on a Utility Bill Explained (Why the Total Is Not Zero) — Used very little but still got a bill? This guide explains minimum charges, how they differ from customer charges, and how to find them on your statement.

Composition and realism rules:
- Natural lighting, realistic perspective, and credible materials.
- No text or typography in the scene.
- No screens, UI, logos, or branding.
- No ad-like or misleading button visuals.
- Avoid centered symmetry; use organic framing.
- Avoid repeated compositions across articles.

Camera:
- 35mm lens equivalent, shallow-to-moderate depth of field.
- Horizontal framing.
"
past-due-balance-utility-bill-explained,Past Due Balance and Late Fees on a Utility Bill Explained (and What a Disconnect Notice Really Means),Budgeting,9575fca3b52d21fbb6580b64591db1b944a4e6b652446f107d0e093d477631fa,featured-v1,lib/generatedPosts/utilityBillsProrationPastDueMinimumPosts_2025_12_26.tsx,"Seeing a past due balance or late fee? This guide explains how bill dates, due dates, and payment posting work, and what a disconnect notice really signals.","Photorealistic scene in a real environment that represents the article topic:
Past Due Balance and Late Fees on a Utility Bill Explained (and What a Disconnect Notice Really Means) — Seeing a past due balance or late fee? This guide explains how bill dates, due dates, and payment posting work, and what a disconnect notice really signals.

Composition and realism rules:
- Natural lighting, realistic perspective, and credible materials.
- No text or typography in the scene.
- No screens, UI, logos, or branding.
- No ad-like or misleading button visuals.
- Avoid centered symmetry; use organic framing.
- Avoid repeated compositions across articles.

Camera:
- 35mm lens equivalent, shallow-to-moderate depth of field.
- Horizontal framing.
"
sewer-averaging-water-bill-explained,Sewer Averaging Explained: Why Your Sewer Charge Does Not Match Summer Use,Water,5dca0e2a8f00ddb1d8e00f3dc0d742c0547b25445e6e97b07d5581c877a1f3d6,featured-v1,lib/generatedPosts/waterPillarSewerAverageWinterLeakPosts_2025_12_27.tsx,"Sewer charges often use a winter average, not current water use. Learn how sewer averaging works and how to read it on your bill.","Photorealistic scene in a real environment that represents the article topic:
Sewer Averaging Explained: Why Your Sewer Charge Does Not Match Summer Use — Sewer charges often use a winter average, not current water use. Learn how sewer averaging works and how to read it on your bill.

Composition and realism rules:
- Natural lighting, realistic perspective, and credible materials.
- No text or typography in the scene.
- No screens, UI, logos, or branding.
- No ad-like or misleading button visuals.
- Avoid centered symmetry; use organic framing.
- Avoid repeated compositions across articles.

Camera:
- 35mm lens equivalent, shallow-to-moderate depth of field.
- Horizontal framing.
"
single-stage-vs-two-stage-vs-variable-speed-hvac,"Single-Stage vs Two-Stage vs Variable-Speed HVAC: Comfort, Efficiency, and Cost",Heating & Cooling,9f7a94e4fc1f1262fb63d97fc07544d6576dd4b6a16314b339cfd4544f552f6a,featured-v1,lib/generatedPosts/heatingCoolingPillarPosts_2025_12_25.tsx,"Single-stage, two-stage, and variable-speed systems sound similar but behave very differently. This guide explains the real-world comfort and bill impacts.","Photorealistic scene in a real environment that represents the article topic:
Single-Stage vs Two-Stage vs Variable-Speed HVAC: Comfort, Efficiency, and Cost — Single-stage, two-stage, and variable-speed systems sound similar but behave very differently. This guide explains the real-world comfort and bill impacts.

Composition and realism rules:
- Natural lighting, realistic perspective, and credible materials.
- No text or typography in the scene.
- No screens, UI, logos, or branding.
- No ad-like or misleading button visuals.
- Avoid centered symmetry; use organic framing.
- Avoid repeated compositions across articles.

Camera:
- 35mm lens equivalent, shallow-to-moderate depth of field.
- Horizontal framing.
"
stormwater-fee-on-water-bill-explained,Stormwater Fee on Your Water Bill Explained: What It Pays For and How It Is Set,Water,aef8f9c855b60b0273cc0cd3ca526b76c01b9c050f3c2792b770f0dbac341ec1,featured-v1,lib/generatedPosts/waterPillarRatesFeesPosts_2025_12_28.tsx,"Stormwater fees help fund drainage, flood prevention, and clean runoff programs. Learn how fees are calculated and why they appear on water bills.","Photorealistic scene in a real environment that represents the article topic:
Stormwater Fee on Your Water Bill Explained: What It Pays For and How It Is Set — Stormwater fees help fund drainage, flood prevention, and clean runoff programs. Learn how fees are calculated and why they appear on water bills.

Composition and realism rules:
- Natural lighting, realistic perspective, and credible materials.
- No text or typography in the scene.
- No screens, UI, logos, or branding.
- No ad-like or misleading button visuals.
- Avoid centered symmetry; use organic framing.
- Avoid repeated compositions across articles.

Camera:
- 35mm lens equivalent, shallow-to-moderate depth of field.
- Horizontal framing.
"
supply-vs-delivery-charges-electricity,Supply vs Delivery Charges Explained (Generation vs Distribution on Electric Bills),Electricity,758699a20de5d16dc48127f8fc55b1d171b3f66364e31b23f88339e587139845,featured-v1,lib/generatedPosts/electricityPillarTieredDemandSupplyPosts_2025_12_26.tsx,Your electric bill usually has two main buckets: supply and delivery. This guide explains what each one covers and why both show up.,"Photorealistic scene in a real environment that represents the article topic:
Supply vs Delivery Charges Explained (Generation vs Distribution on Electric Bills) — Your electric bill usually has two main buckets: supply and delivery. This guide explains what each one covers and why both show up.

Composition and realism rules:
- Natural lighting, realistic perspective, and credible materials.
- No text or typography in the scene.
- No screens, UI, logos, or branding.
- No ad-like or misleading button visuals.
- Avoid centered symmetry; use organic framing.
- Avoid repeated compositions across articles.

Camera:
- 35mm lens equivalent, shallow-to-moderate depth of field.
- Horizontal framing.
"
tiered-electricity-rates-explained,Tiered Electricity Rates Explained (Tier 1 vs Tier 2 on Your Bill),Electricity,4fd3a194c2f75b60cf443f01e635fa74b79937a21be12e07870cb9e43042882e,featured-v1,lib/generatedPosts/electricityPillarTieredDemandSupplyPosts_2025_12_26.tsx,"Tiered rates can make a small usage increase look like a big price jump. This guide explains how tiers work, where they show up, and why the total changes.","Photorealistic scene in a real environment that represents the article topic:
Tiered Electricity Rates Explained (Tier 1 vs Tier 2 on Your Bill) — Tiered rates can make a small usage increase look like a big price jump. This guide explains how tiers work, where they show up, and why the total changes.

Composition and realism rules:
- Natural lighting, realistic perspective, and credible materials.
- No text or typography in the scene.
- No screens, UI, logos, or branding.
- No ad-like or misleading button visuals.
- Avoid centered symmetry; use organic framing.
- Avoid repeated compositions across articles.

Camera:
- 35mm lens equivalent, shallow-to-moderate depth of field.
- Horizontal framing.
"
tiered-water-rates-explained,"Tiered Water Rates Explained: How Tiers Work, Why Your Price Jumps, and How to Stay in a Lower Tier",Water,68586559c40c67b05d956b4c081a44f232a7ed882d78a3ddd753ba694dd9129b,featured-v1,lib/generatedPosts/waterPillarRatesFeesPosts_2025_12_28.tsx,"Tiered water rates can make bills jump even when usage barely changes. Learn how tiers work, where the thresholds are, and how to avoid a surprise jump.","Photorealistic scene in a real environment that represents the article topic:
Tiered Water Rates Explained: How Tiers Work, Why Your Price Jumps, and How to Stay in a Lower Tier — Tiered water rates can make bills jump even when usage barely changes. Learn how tiers work, where the thresholds are, and how to avoid a surprise jump.

Composition and realism rules:
- Natural lighting, realistic perspective, and credible materials.
- No text or typography in the scene.
- No screens, UI, logos, or branding.
- No ad-like or misleading button visuals.
- Avoid centered symmetry; use organic framing.
- Avoid repeated compositions across articles.

Camera:
- 35mm lens equivalent, shallow-to-moderate depth of field.
- Horizontal framing.
"
time-of-use-electricity-rates,What Are Time-of-Use Rates? (And When They Actually Save You Money),Electricity,66d5464ba3d48825c9a8e775f95e541485317f753b08015f02d2a1d631797e2e,featured-v1,lib/generatedPosts/electricityPillarPosts_2025_12_25.tsx,Time-of-use (TOU) rates can lower your bill or spike it. Learn how peak and off-peak pricing works and if switching is right for your lifestyle.,"Photorealistic scene in a real environment that represents the article topic:
What Are Time-of-Use Rates? (And When They Actually Save You Money) — Time-of-use (TOU) rates can lower your bill or spike it. Learn how peak and off-peak pricing works and if switching is right for your lifestyle.

Composition and realism rules:
- Natural lighting, realistic perspective, and credible materials.
- No text or typography in the scene.
- No screens, UI, logos, or branding.
- No ad-like or misleading button visuals.
- Avoid centered symmetry; use organic framing.
- Avoid repeated compositions across articles.

Camera:
- 35mm lens equivalent, shallow-to-moderate depth of field.
- Horizontal framing.
"
utility-bill-proration-explained,Utility Bill Proration Explained: Why Your First or Final Bill Looks Weird,Budgeting,96997ed0393fe5d8daa4f871dde042fe28da6dae8502287ae54d05f447034d1c,featured-v1,lib/generatedPosts/utilityBillsProrationPastDueMinimumPosts_2025_12_26.tsx,"If your first or final utility bill looks off, proration is usually the reason. This guide explains what it means, how to spot it, and how to sanity-check the math.","Photorealistic scene in a real environment that represents the article topic:
Utility Bill Proration Explained: Why Your First or Final Bill Looks Weird — If your first or final utility bill looks off, proration is usually the reason. This guide explains what it means, how to spot it, and how to sanity-check the math.

Composition and realism rules:
- Natural lighting, realistic perspective, and credible materials.
- No text or typography in the scene.
- No screens, UI, logos, or branding.
- No ad-like or misleading button visuals.
- Avoid centered symmetry; use organic framing.
- Avoid repeated compositions across articles.

Camera:
- 35mm lens equivalent, shallow-to-moderate depth of field.
- Horizontal framing.
"
utility-bill-surcharges-and-riders-explained,"Utility Bill Surcharges and Riders Explained (Regulatory Fees, Franchise Fees, and More)",Budgeting,8e81142f4209c9b14c3e9d144d51be7fde12bacad9813ba6c73b1e40712c5ab1,featured-v1,lib/generatedPosts/utilityBillsLineItemsFeesPosts_2025_12_26.tsx,"Seeing extra lines like surcharges, riders, or franchise fees? Learn what these charges typically mean, why they exist, and how to read them without getting overwhelmed.","Photorealistic scene in a real environment that represents the article topic:
Utility Bill Surcharges and Riders Explained (Regulatory Fees, Franchise Fees, and More) — Seeing extra lines like surcharges, riders, or franchise fees? Learn what these charges typically mean, why they exist, and how to read them without getting overwhelmed.

Composition and realism rules:
- Natural lighting, realistic perspective, and credible materials.
- No text or typography in the scene.
- No screens, UI, logos, or branding.
- No ad-like or misleading button visuals.
- Avoid centered symmetry; use organic framing.
- Avoid repeated compositions across articles.

Camera:
- 35mm lens equivalent, shallow-to-moderate depth of field.
- Horizontal framing.
"
utility-bill-taxes-fees-franchise-charges-explained,"Utility Bill Taxes, Fees, and Franchise Charges Explained",Budgeting,c23e2509a9c364c3712a331f3c84443dae2fed676ebb5574777b1606e0d03eba,featured-v1,lib/generatedPosts/utilityBillsPillarBillingCycleChargesTaxesPosts_2025_12_27.tsx,"Confused by taxes, franchise fees, and extra charges on your utility bill? Learn what they are, where they show up, and why they change.","Photorealistic scene in a real environment that represents the article topic:
Utility Bill Taxes, Fees, and Franchise Charges Explained — Confused by taxes, franchise fees, and extra charges on your utility bill? Learn what they are, where they show up, and why they change.

Composition and realism rules:
- Natural lighting, realistic perspective, and credible materials.
- No text or typography in the scene.
- No screens, UI, logos, or branding.
- No ad-like or misleading button visuals.
- Avoid centered symmetry; use organic framing.
- Avoid repeated compositions across articles.

Camera:
- 35mm lens equivalent, shallow-to-moderate depth of field.
- Horizontal framing.
"
utility-billing-cycle-explained,"Utility Billing Cycle Explained: Meter Read Dates, Billing Days, and Why Months Vary",Budgeting,33470f519a11835ff1c02cf84406e3ddadb4cad2a891113f6ca3e8e3357426f3,featured-v1,lib/generatedPosts/utilityBillsPillarBillingCycleChargesTaxesPosts_2025_12_27.tsx,"Confused by a 33-day or 28-day bill period? This guide explains billing cycles, meter read dates, and how to compare totals fairly.","Photorealistic scene in a real environment that represents the article topic:
Utility Billing Cycle Explained: Meter Read Dates, Billing Days, and Why Months Vary — Confused by a 33-day or 28-day bill period? This guide explains billing cycles, meter read dates, and how to compare totals fairly.

Composition and realism rules:
- Natural lighting, realistic perspective, and credible materials.
- No text or typography in the scene.
- No screens, UI, logos, or branding.
- No ad-like or misleading button visuals.
- Avoid centered symmetry; use organic framing.
- Avoid repeated compositions across articles.

Camera:
- 35mm lens equivalent, shallow-to-moderate depth of field.
- Horizontal framing.
"
utility-connection-fee-explained,"Utility Connection Fee Explained: Start Service, Transfer, and Setup Charges",Budgeting,75891f7cb12a25e0afd3a43d0041746a549ab7b705badd6b08986ad530c0917f,featured-v1,lib/generatedPosts/utilityBillsPillarAccountFeesPosts_2025_12_27.tsx,"Starting or transferring utility service can include a one-time connection fee. Learn what it covers, when it appears, and how to spot it on your account.","Photorealistic scene in a real environment that represents the article topic:
Utility Connection Fee Explained: Start Service, Transfer, and Setup Charges — Starting or transferring utility service can include a one-time connection fee. Learn what it covers, when it appears, and how to spot it on your account.

Composition and realism rules:
- Natural lighting, realistic perspective, and credible materials.
- No text or typography in the scene.
- No screens, UI, logos, or branding.
- No ad-like or misleading button visuals.
- Avoid centered symmetry; use organic framing.
- Avoid repeated compositions across articles.

Camera:
- 35mm lens equivalent, shallow-to-moderate depth of field.
- Horizontal framing.
"
utility-deposit-explained,"Utility Deposit Explained: Why It Exists, When It Is Required, and How Refunds Work",Budgeting,d70214014dd4c0c7b4d2876e3004a31c8ac7686e18c6190af0409e3e40078d88,featured-v1,lib/generatedPosts/utilityBillsPillarAccountFeesPosts_2025_12_27.tsx,"A utility deposit can feel random when you are starting service. This guide explains what it is, when it shows up, and how refunds or credits usually work.","Photorealistic scene in a real environment that represents the article topic:
Utility Deposit Explained: Why It Exists, When It Is Required, and How Refunds Work — A utility deposit can feel random when you are starting service. This guide explains what it is, when it shows up, and how refunds or credits usually work.

Composition and realism rules:
- Natural lighting, realistic perspective, and credible materials.
- No text or typography in the scene.
- No screens, UI, logos, or branding.
- No ad-like or misleading button visuals.
- Avoid centered symmetry; use organic framing.
- Avoid repeated compositions across articles.

Camera:
- 35mm lens equivalent, shallow-to-moderate depth of field.
- Horizontal framing.
"
utility-reconnection-fee-explained,Utility Reconnection Fee Explained: What Happens After Shutoff and How to Avoid Repeat Fees,Budgeting,633bd01e2aa4efcffa1f621027d7f7477255053e8151115f5c8302790dc6296d,featured-v1,lib/generatedPosts/utilityBillsPillarAccountFeesPosts_2025_12_27.tsx,"If service is shut off, many utilities charge a reconnection fee. This guide explains why it exists, how it is listed, and what to expect.","Photorealistic scene in a real environment that represents the article topic:
Utility Reconnection Fee Explained: What Happens After Shutoff and How to Avoid Repeat Fees — If service is shut off, many utilities charge a reconnection fee. This guide explains why it exists, how it is listed, and what to expect.

Composition and realism rules:
- Natural lighting, realistic perspective, and credible materials.
- No text or typography in the scene.
- No screens, UI, logos, or branding.
- No ad-like or misleading button visuals.
- Avoid centered symmetry; use organic framing.
- Avoid repeated compositions across articles.

Camera:
- 35mm lens equivalent, shallow-to-moderate depth of field.
- Horizontal framing.
"
water-meter-leak-indicator-explained,Water Meter Leak Indicator Explained: How to Tell If Water Is Running When Everything's Off,Water,20680a7900202d3b48e6bb643a10f9d9ceb7800a527358e4abc2aa2c36834113,featured-v1,lib/generatedPosts/waterPillarChargesLeaksSummerPosts_2025_12_26.tsx,Most water meters have a small leak indicator that moves when water flows. Here's how to use it to spot hidden leaks and rule out false alarms.,"Photorealistic scene in a real environment that represents the article topic:
Water Meter Leak Indicator Explained: How to Tell If Water Is Running When Everything's Off — Most water meters have a small leak indicator that moves when water flows. Here's how to use it to spot hidden leaks and rule out false alarms.

Composition and realism rules:
- Natural lighting, realistic perspective, and credible materials.
- No text or typography in the scene.
- No screens, UI, logos, or branding.
- No ad-like or misleading button visuals.
- Avoid centered symmetry; use organic framing.
- Avoid repeated compositions across articles.

Camera:
- 35mm lens equivalent, shallow-to-moderate depth of field.
- Horizontal framing.
"
water-meter-running-when-no-water-used,Water Meter Running When Nothing Is On? What It Means and What to Check,Water,f26255d115a414c92dfd4b000f433812ad425d3e387416f6d44751838a714d8f,featured-v1,lib/generatedPosts/waterPillarSewerAverageWinterLeakPosts_2025_12_27.tsx,A moving water meter with everything off usually points to a leak. Learn how to confirm it and narrow down the source.,"Photorealistic scene in a real environment that represents the article topic:
Water Meter Running When Nothing Is On? What It Means and What to Check — A moving water meter with everything off usually points to a leak. Learn how to confirm it and narrow down the source.

Composition and realism rules:
- Natural lighting, realistic perspective, and credible materials.
- No text or typography in the scene.
- No screens, UI, logos, or branding.
- No ad-like or misleading button visuals.
- Avoid centered symmetry; use organic framing.
- Avoid repeated compositions across articles.

Camera:
- 35mm lens equivalent, shallow-to-moderate depth of field.
- Horizontal framing.
"
water-service-charge-explained,Water Service Charge Explained: What the Fixed Fee Covers (and Why You Still Pay It),Water,bde70c204ac80d5f79ff03af4a16c382a758b238cd0106ee80a34efd56a3d433,featured-v1,lib/generatedPosts/waterPillarChargesLeaksSummerPosts_2025_12_26.tsx,Seeing a water service (or base) charge even when you barely used water? Here's what that fixed fee usually covers and how to sanity-check it.,"Photorealistic scene in a real environment that represents the article topic:
Water Service Charge Explained: What the Fixed Fee Covers (and Why You Still Pay It) — Seeing a water service (or base) charge even when you barely used water? Here's what that fixed fee usually covers and how to sanity-check it.

Composition and realism rules:
- Natural lighting, realistic perspective, and credible materials.
- No text or typography in the scene.
- No screens, UI, logos, or branding.
- No ad-like or misleading button visuals.
- Avoid centered symmetry; use organic framing.
- Avoid repeated compositions across articles.

Camera:
- 35mm lens equivalent, shallow-to-moderate depth of field.
- Horizontal framing.
"
what-is-a-kilowatt-hour,What Is a Kilowatt-Hour (kWh)? Definition & Calculator,Electricity,9fca29b9295bc74bd6c9ebccd37dedb722b259c6a380fe5b2a923bf9d20b569d,featured-v1,lib/posts.tsx,"Simple definition of a kilowatt-hour (kWh). Learn the difference between kW and kWh, and calculate your appliance costs easily.","Photorealistic scene in a real environment that represents the article topic:
What Is a Kilowatt-Hour (kWh)? Definition & Calculator — Simple definition of a kilowatt-hour (kWh). Learn the difference between kW and kWh, and calculate your appliance costs easily.

Composition and realism rules:
- Natural lighting, realistic perspective, and credible materials.
- No text or typography in the scene.
- No screens, UI, logos, or branding.
- No ad-like or misleading button visuals.
- Avoid centered symmetry; use organic framing.
- Avoid repeated compositions across articles.

Camera:
- 35mm lens equivalent, shallow-to-moderate depth of field.
- Horizontal framing.
"
what-is-ccf-on-a-water-bill,What Is CCF on a Water Bill? (Cubic Feet Explained in Plain English),Water,91385e02eef4fa5ce27c93199b645d529348760b7fdc5bd0f79065be7cf4e2ad,featured-v1,lib/generatedPosts/waterPillarPosts_2025_12_25.tsx,"CCF shows up on many water bills. Here's what it means, how to convert it to gallons, and how it turns into charges.","Photorealistic scene in a real environment that represents the article topic:
What Is CCF on a Water Bill? (Cubic Feet Explained in Plain English) — CCF shows up on many water bills. Here's what it means, how to convert it to gallons, and how it turns into charges.

Composition and realism rules:
- Natural lighting, realistic perspective, and credible materials.
- No text or typography in the scene.
- No screens, UI, logos, or branding.
- No ad-like or misleading button visuals.
- Avoid centered symmetry; use organic framing.
- Avoid repeated compositions across articles.

Camera:
- 35mm lens equivalent, shallow-to-moderate depth of field.
- Horizontal framing.
"
what-is-customer-charge-on-utility-bill,What Is a Customer Charge (Basic Service Charge) on a Utility Bill?,Budgeting,1f2e3f06bbf60fc89cf541b80d7a3ff3374b18577a573369aa5f031fb8d96bb9,featured-v1,lib/generatedPosts/utilityBillsLineItemsFeesPosts_2025_12_26.tsx,"Wondering why you pay a customer charge even with low usage? Here's what it covers, where to find it on your bill, and how it changes the math of saving.","Photorealistic scene in a real environment that represents the article topic:
What Is a Customer Charge (Basic Service Charge) on a Utility Bill? — Wondering why you pay a customer charge even with low usage? Here's what it covers, where to find it on your bill, and how it changes the math of saving.

Composition and realism rules:
- Natural lighting, realistic perspective, and credible materials.
- No text or typography in the scene.
- No screens, UI, logos, or branding.
- No ad-like or misleading button visuals.
- Avoid centered symmetry; use organic framing.
- Avoid repeated compositions across articles.

Camera:
- 35mm lens equivalent, shallow-to-moderate depth of field.
- Horizontal framing.
"
why-did-my-utility-bill-go-up-this-month,Why Did My Utility Bill Go Up This Month? (Even Without Using More),Budgeting,b25585aaf1fb842447d1c5be30c7cf72a5cbb96405fc474aea7f0fc7a65d38e6,featured-v1,lib/generatedPosts/utilityBillsPillarBillUpThisMonthPosts_2026_01_15.tsx,"If your total jumped but your habits did not, this guide breaks down the real drivers: billing days, rate shifts, fixed charges, and corrections.","Photorealistic scene in a real environment that represents the article topic:
Why Did My Utility Bill Go Up This Month? (Even Without Using More) - If your total jumped but your habits did not, this guide breaks down the real drivers: billing days, rate shifts, fixed charges, and corrections.

Composition and realism rules:
- Natural lighting, realistic perspective, and credible materials.
- No text or typography in the scene.
- No screens, UI, logos, or branding.
- No ad-like or misleading button visuals.
- Avoid centered symmetry; use organic framing.
- Avoid repeated compositions across articles.

Camera:
- 35mm lens equivalent, shallow-to-moderate depth of field.
- Horizontal framing.
"
why-did-my-water-bill-suddenly-increase,Why Did My Water Bill Suddenly Increase?,Water,93f8cdc013b73c6e14330dd0203c03759ecc9387c66c20994db42dfa7c208b20,featured-v1,lib/posts.tsx,Understand the most common reasons water bills spike and how to troubleshoot them.,"Photorealistic scene in a real environment that represents the article topic:
Why Did My Water Bill Suddenly Increase? — Understand the most common reasons water bills spike and how to troubleshoot them.

Composition and realism rules:
- Natural lighting, realistic perspective, and credible materials.
- No text or typography in the scene.
- No screens, UI, logos, or branding.
- No ad-like or misleading button visuals.
- Avoid centered symmetry; use organic framing.
- Avoid repeated compositions across articles.

Camera:
- 35mm lens equivalent, shallow-to-moderate depth of field.
- Horizontal framing.
"
why-electric-bill-changes-month-to-month,Why Your Electric Bill Changes Month to Month (Even With Similar Usage),Electricity,6c759f7a03bcb294c44a6215c4cadbf9e5819f68fd9c6d4fb8bc3e12792b5023,featured-v1,lib/generatedPosts/electricityPillarBillChangesPosts_2026_01_15.tsx,"Electricity bills shift for reasons beyond usage: time-of-use windows, tiered rates, demand charges, and supply adjustments.","Photorealistic scene in a real environment that represents the article topic:
Why Your Electric Bill Changes Month to Month (Even With Similar Usage) - Electricity bills shift for reasons beyond usage: time-of-use windows, tiered rates, demand charges, and supply adjustments.

Composition and realism rules:
- Natural lighting, realistic perspective, and credible materials.
- No text or typography in the scene.
- No screens, UI, logos, or branding.
- No ad-like or misleading button visuals.
- Avoid centered symmetry; use organic framing.
- Avoid repeated compositions across articles.

Camera:
- 35mm lens equivalent, shallow-to-moderate depth of field.
- Horizontal framing.
"
why-is-my-electric-bill-so-high-this-month,Why Is My Electric Bill So High This Month? (11 Hidden Causes + Fixes),Electricity,bede9bd69361aeba6a07f2f58524e728097ed99adbfc72d9e4f49712981a4f80,featured-v1,lib/posts.tsx,Shocked by a high electric bill? Discover 11 hidden causes--from phantom loads to rate hikes--and get immediate fixes to lower your next payment.,"Photorealistic scene in a real environment that represents the article topic:
Why Is My Electric Bill So High This Month? (11 Hidden Causes + Fixes) — Shocked by a high electric bill? Discover 11 hidden causes--from phantom loads to rate hikes--and get immediate fixes to lower your next payment.

Composition and realism rules:
- Natural lighting, realistic perspective, and credible materials.
- No text or typography in the scene.
- No screens, UI, logos, or branding.
- No ad-like or misleading button visuals.
- Avoid centered symmetry; use organic framing.
- Avoid repeated compositions across articles.

Camera:
- 35mm lens equivalent, shallow-to-moderate depth of field.
- Horizontal framing.
"
why-is-my-electricity-bill-so-high-in-summer,Why Is My Electricity Bill So High in Summer? (7 Causes + Fixes),Electricity,c00fff3a12fae46ae233bffbc8e9e59941fd2941920d4439a6c22ab64106834f,featured-v1,lib/posts.tsx,"Summer bill shock? Learn how AC, humidity, and peak rates spike your costs--and 7 ways to lower your bill without sweating.","Photorealistic scene in a real environment that represents the article topic:
Why Is My Electricity Bill So High in Summer? (7 Causes + Fixes) — Summer bill shock? Learn how AC, humidity, and peak rates spike your costs--and 7 ways to lower your bill without sweating.

Composition and realism rules:
- Natural lighting, realistic perspective, and credible materials.
- No text or typography in the scene.
- No screens, UI, logos, or branding.
- No ad-like or misleading button visuals.
- Avoid centered symmetry; use organic framing.
- Avoid repeated compositions across articles.

Camera:
- 35mm lens equivalent, shallow-to-moderate depth of field.
- Horizontal framing.
"
why-is-my-electricity-bill-so-high-in-winter,Why Is My Electricity Bill So High in Winter? (7 Reasons + Fixes),Electricity,e8935c742e9d87630e1c0c278b41d0aef3d30c9c186a3177d011142bf097b53a,featured-v1,lib/posts.tsx,Winter electric bill shock? Discover the 7 hidden reasons your usage spiked and learn practical fixes to lower your heating costs immediately.,"Photorealistic scene in a real environment that represents the article topic:
Why Is My Electricity Bill So High in Winter? (7 Reasons + Fixes) — Winter electric bill shock? Discover the 7 hidden reasons your usage spiked and learn practical fixes to lower your heating costs immediately.

Composition and realism rules:
- Natural lighting, realistic perspective, and credible materials.
- No text or typography in the scene.
- No screens, UI, logos, or branding.
- No ad-like or misleading button visuals.
- Avoid centered symmetry; use organic framing.
- Avoid repeated compositions across articles.

Camera:
- 35mm lens equivalent, shallow-to-moderate depth of field.
- Horizontal framing.
"
why-is-my-furnace-blowing-cold-air,Why Is My Furnace Blowing Cold Air? 9 Common Causes,Heating & Cooling,18b191bd11d02e7892b5eb0fdef3a0a13eea0f1172c38538d667f3787d45d596,featured-v1,lib/generatedPosts/heatingCoolingPillarFurnaceHeatPumpShortCyclingPosts_2025_12_27.tsx,"Heat is on but the air feels cold? Learn the most common causes, what is normal, and what to check before you worry.","Photorealistic scene in a real environment that represents the article topic:
Why Is My Furnace Blowing Cold Air? 9 Common Causes — Heat is on but the air feels cold? Learn the most common causes, what is normal, and what to check before you worry.

Composition and realism rules:
- Natural lighting, realistic perspective, and credible materials.
- No text or typography in the scene.
- No screens, UI, logos, or branding.
- No ad-like or misleading button visuals.
- Avoid centered symmetry; use organic framing.
- Avoid repeated compositions across articles.

Camera:
- 35mm lens equivalent, shallow-to-moderate depth of field.
- Horizontal framing.
"
why-is-my-gas-bill-so-high-in-summer,Why Is My Gas Bill So High in Summer? (Common Causes + Checks),Gas,5c4833f0af964942d80c049d856205356388943f7c28af125951d16c375a2b6b,featured-v1,lib/generatedPosts/gasPillarMeterSummerCustomerPosts_2025_12_26.tsx,"Heating is off, but the gas bill still looks high. Learn the most common summer drivers and how to separate usage from fixed charges.","Photorealistic scene in a real environment that represents the article topic:
Why Is My Gas Bill So High in Summer? (Common Causes + Checks) — Heating is off, but the gas bill still looks high. Learn the most common summer drivers and how to separate usage from fixed charges.

Composition and realism rules:
- Natural lighting, realistic perspective, and credible materials.
- No text or typography in the scene.
- No screens, UI, logos, or branding.
- No ad-like or misleading button visuals.
- Avoid centered symmetry; use organic framing.
- Avoid repeated compositions across articles.

Camera:
- 35mm lens equivalent, shallow-to-moderate depth of field.
- Horizontal framing.
"
why-is-my-gas-bill-so-high-in-winter,Why Is My Gas Bill So High in Winter? (Plain-English Reasons + What to Check),Gas,14c26170f3d3cf7f56bdacb1a174b73602dc1d921d06fb0d5a4853ac26525a30,featured-v1,lib/generatedPosts/gasPillarPosts_2025_12_25.tsx,"Winter gas bills can jump fast. Here's how to separate longer billing cycles from real usage increases, and what usually drives the spike.","Photorealistic scene in a real environment that represents the article topic:
Why Is My Gas Bill So High in Winter? (Plain-English Reasons + What to Check) — Winter gas bills can jump fast. Here's how to separate longer billing cycles from real usage increases, and what usually drives the spike.

Composition and realism rules:
- Natural lighting, realistic perspective, and credible materials.
- No text or typography in the scene.
- No screens, UI, logos, or branding.
- No ad-like or misleading button visuals.
- Avoid centered symmetry; use organic framing.
- Avoid repeated compositions across articles.

Camera:
- 35mm lens equivalent, shallow-to-moderate depth of field.
- Horizontal framing.
"
why-is-my-water-bill-higher-in-summer,Why Is My Water Bill Higher in Summer? (7 Common Causes + What to Check First),Water,6f8345534ce24404477ce61dc60688c475f9cc4899490b1cebf6dfcf43513a07,featured-v1,lib/generatedPosts/waterPillarChargesLeaksSummerPosts_2025_12_26.tsx,"Summer water bills often jump for predictable reasons--outdoor watering, leaks, and tiered pricing. Here's how to figure out what changed in your case.","Photorealistic scene in a real environment that represents the article topic:
Why Is My Water Bill Higher in Summer? (7 Common Causes + What to Check First) — Summer water bills often jump for predictable reasons--outdoor watering, leaks, and tiered pricing. Here's how to figure out what changed in your case.

Composition and realism rules:
- Natural lighting, realistic perspective, and credible materials.
- No text or typography in the scene.
- No screens, UI, logos, or branding.
- No ad-like or misleading button visuals.
- Avoid centered symmetry; use organic framing.
- Avoid repeated compositions across articles.

Camera:
- 35mm lens equivalent, shallow-to-moderate depth of field.
- Horizontal framing.
"
why-is-my-water-bill-higher-in-winter,Why Is My Water Bill Higher in Winter? 8 Common Causes,Water,d6138650b9827394d8f42da5c97a4cbba9dc9cccc696187414e04b6d50088189,featured-v1,lib/generatedPosts/waterPillarSewerAverageWinterLeakPosts_2025_12_27.tsx,"No lawn watering but a higher bill? Learn the most common winter causes, from leaks to longer billing cycles, and how to check them.","Photorealistic scene in a real environment that represents the article topic:
Why Is My Water Bill Higher in Winter? 8 Common Causes — No lawn watering but a higher bill? Learn the most common winter causes, from leaks to longer billing cycles, and how to check them.

Composition and realism rules:
- Natural lighting, realistic perspective, and credible materials.
- No text or typography in the scene.
- No screens, UI, logos, or branding.
- No ad-like or misleading button visuals.
- Avoid centered symmetry; use organic framing.
- Avoid repeated compositions across articles.

Camera:
- 35mm lens equivalent, shallow-to-moderate depth of field.
- Horizontal framing.
"
why-my-utility-bill-is-higher-with-same-usage,Why Your Utility Bill Can Be Higher Even If Your Usage Didn't Change,Budgeting,453986a5b0721ef06c48b10f1b2ce194476c4d2ad7f3fd6498588eff21267a5c,featured-v1,lib/generatedPosts/utilityBillsPillarPosts_2025_12_25.tsx,"If your usage looks similar but your total jumped, this guide walks through the real reasons: billing days, rate changes, fixed fees, tiers, and estimated reads.","Photorealistic scene in a real environment that represents the article topic:
Why Your Utility Bill Can Be Higher Even If Your Usage Didn't Change — If your usage looks similar but your total jumped, this guide walks through the real reasons: billing days, rate changes, fixed fees, tiers, and estimated reads.

Composition and realism rules:
- Natural lighting, realistic perspective, and credible materials.
- No text or typography in the scene.
- No screens, UI, logos, or branding.
- No ad-like or misleading button visuals.
- Avoid centered symmetry; use organic framing.
- Avoid repeated compositions across articles.

Camera:
- 35mm lens equivalent, shallow-to-moderate depth of field.
- Horizontal framing.
"
